timestamp,open,high,low,close,volume
2025-12-28 23:00:00,87900.09,88049.53,87634.92,87952.71,306.73393
2025-12-29 00:00:00,87952.71,88444.19,87813.17,88295.69,572.37767
2025-12-29 01:00:00,88295.68,88480.0,87849.42,88445.57,562.88296
2025-12-29 02:00:00,88445.57,89383.74,88445.57,89163.25,1796.47871
2025-12-29 03:00:00,89163.25,90169.06,89101.79,90123.55,1827.31757
2025-12-29 04:00:00,90123.55,90406.08,89952.81,90143.06,1199.9569
2025-12-29 05:00:00,90143.07,90300.07,89931.37,89984.0,828.28612
2025-12-29 06:00:00,89984.0,90121.21,89749.87,89777.26,503.12838
2025-12-29 07:00:00,89777.25,89846.71,89507.03,89617.71,971.61551
2025-12-29 08:00:00,89617.71,89825.01,89444.47,89555.1,990.67432
2025-12-29 09:00:00,89555.1,89618.22,87770.1,88100.05,2360.59949
2025-12-29 10:00:00,88100.5,88270.02,87653.69,87780.01,807.41906
2025-12-29 11:00:00,87780.0,87793.27,87567.65,87567.66,450.07731
2025-12-29 12:00:00,87567.65,87636.34,86806.5,87397.0,1590.97728
2025-12-29 13:00:00,87396.99,87537.23,87165.04,87387.71,611.5172
2025-12-29 14:00:00,87387.7,88190.71,87259.3,87429.96,985.6991
2025-12-29 15:00:00,87429.97,87918.69,87222.41,87691.62,990.15708
2025-12-29 16:00:00,87691.62,87840.08,87439.03,87627.11,372.34157
2025-12-29 17:00:00,87627.11,87850.0,87350.0,87849.99,322.83525
2025-12-29 18:00:00,87850.0,87996.22,87361.53,87464.77,459.75861
2025-12-29 19:00:00,87464.78,87668.23,87312.34,87366.23,302.7479
2025-12-29 20:00:00,87366.23,87597.59,87085.8,87212.01,665.4604
2025-12-29 21:00:00,87212.01,87371.62,87173.31,87337.85,221.04149
2025-12-29 22:00:00,87337.85,87404.29,87071.49,87351.05,310.53727
2025-12-29 23:00:00,87351.05,87395.07,87188.0,87237.13,191.0986
2025-12-30 00:00:00,87237.13,87359.4,87105.09,87250.23,230.51064
2025-12-30 01:00:00,87250.22,87356.62,87117.87,87308.23,239.57935
2025-12-30 02:00:00,87308.23,87347.7,86986.82,87111.0,471.28819
2025-12-30 03:00:00,87110.99,87423.65,86845.66,87379.0,579.19187
2025-12-30 04:00:00,87378.99,87492.66,87294.67,87300.0,292.49013
2025-12-30 05:00:00,87300.01,87359.43,87157.07,87255.97,140.45208
2025-12-30 06:00:00,87255.98,87527.42,87241.91,87443.17,234.42509
2025-12-30 07:00:00,87443.17,87600.0,87369.98,87502.85,410.22407
2025-12-30 08:00:00,87502.85,88224.76,87502.84,87872.68,1026.69682
2025-12-30 09:00:00,87872.68,88046.37,87657.44,87992.7,436.16992
2025-12-30 10:00:00,87992.7,88179.38,87906.94,87949.51,416.39591
2025-12-30 11:00:00,87949.52,88026.36,87735.09,87903.89,588.98774
2025-12-30 12:00:00,87903.89,88090.79,87901.7,88023.54,497.15542
2025-12-30 13:00:00,88023.53,88136.0,87918.6,88110.02,448.15717
2025-12-30 14:00:00,88110.02,89010.12,87834.01,88875.83,1626.18161
2025-12-30 15:00:00,88875.82,89159.52,88204.14,89016.35,1310.95153
2025-12-30 16:00:00,89016.36,89400.0,88577.42,88742.63,1418.9593
2025-12-30 17:00:00,88742.63,88900.72,88129.91,88371.34,713.60336
2025-12-30 18:00:00,88371.34,88493.62,88132.59,88304.0,434.34765
2025-12-30 19:00:00,88304.01,88422.22,87960.2,88226.16,345.47514
2025-12-30 20:00:00,88226.15,88226.15,87886.46,87947.15,439.95021
2025-12-30 21:00:00,87947.15,88330.13,87891.15,88287.27,253.18432
2025-12-30 22:00:00,88287.28,88470.0,88287.28,88430.19,280.86597
2025-12-30 23:00:00,88430.18,88573.65,88371.33,88485.49,270.66652
2025-12-31 00:00:00,88485.5,88485.5,88251.93,88255.54,243.9475
2025-12-31 01:00:00,88255.54,88784.0,88172.15,88649.33,355.7574
2025-12-31 02:00:00,88649.32,88742.0,88521.84,88673.6,258.23398
2025-12-31 03:00:00,88673.61,88819.8,88379.09,88453.04,274.04184
2025-12-31 04:00:00,88453.04,88549.5,88325.06,88325.06,158.17484
2025-12-31 05:00:00,88325.07,88526.06,88325.07,88463.09,296.57164
2025-12-31 06:00:00,88463.1,88561.69,88463.09,88512.92,212.68538
2025-12-31 07:00:00,88512.93,88638.76,88431.08,88613.12,304.98001
2025-12-31 08:00:00,88613.11,88733.33,88393.52,88434.65,277.76782
2025-12-31 09:00:00,88434.66,88715.27,88434.65,88660.1,315.83327
2025-12-31 10:00:00,88660.1,88897.99,88660.09,88847.26,482.82711
2025-12-31 11:00:00,88847.27,89046.6,88802.97,89011.52,598.23924
2025-12-31 12:00:00,89011.51,89044.74,88677.32,88775.96,545.9639
2025-12-31 13:00:00,88775.96,89045.98,88741.54,88991.88,300.73941
2025-12-31 14:00:00,88991.88,89200.0,88278.35,88479.99,1133.76043
2025-12-31 15:00:00,88479.99,88487.68,87766.59,87953.97,1281.39241
2025-12-31 16:00:00,87953.97,88053.49,87400.41,87656.98,1249.28961
2025-12-31 17:00:00,87656.99,87741.99,87489.59,87620.82,629.77671
2025-12-31 18:00:00,87620.82,87980.0,87574.12,87684.07,434.88825
2025-12-31 19:00:00,87684.08,87870.02,87516.7,87541.85,622.18859
2025-12-31 20:00:00,87541.85,87712.13,87250.0,87662.01,770.32743
2025-12-31 21:00:00,87662.01,87879.04,87662.01,87799.97,383.8555
2025-12-31 22:00:00,87799.97,87879.04,87656.19,87728.29,236.18697
2025-12-31 23:00:00,87728.3,87728.3,87619.67,87648.22,191.19123
2026-01-01 00:00:00,87648.21,87849.26,87632.74,87809.23,233.66036
2026-01-01 01:00:00,87809.24,88050.0,87809.23,87960.0,241.44162
2026-01-01 02:00:00,87960.01,88088.1,87895.37,87914.0,209.5586
2026-01-01 03:00:00,87914.0,88015.7,87832.09,87846.02,149.08354
2026-01-01 04:00:00,87846.01,87854.81,87550.43,87590.4,476.17901
2026-01-01 05:00:00,87590.41,87749.34,87590.4,87704.39,283.17436
2026-01-01 06:00:00,87704.39,87704.39,87636.29,87658.0,123.89656
2026-01-01 07:00:00,87658.01,87673.01,87596.0,87631.88,225.27492
2026-01-01 08:00:00,87631.88,87811.13,87631.87,87770.9,285.21745
2026-01-01 09:00:00,87770.89,87965.25,87751.82,87877.99,210.22963
2026-01-01 10:00:00,87877.99,87883.8,87799.17,87863.76,128.0738
2026-01-01 11:00:00,87863.75,88024.64,87859.36,88024.64,196.30405
2026-01-01 12:00:00,88024.64,88036.42,87925.28,87950.0,200.13556
2026-01-01 13:00:00,87950.0,88019.82,87860.66,87922.64,155.72883
2026-01-01 14:00:00,87922.63,87970.59,87810.66,87967.05,390.01531
2026-01-01 15:00:00,87967.05,88113.45,87916.39,88032.18,260.01234
2026-01-01 16:00:00,88032.17,88048.7,87879.03,87988.76,189.99476
2026-01-01 17:00:00,87988.77,88500.0,87976.0,88316.37,476.08554
2026-01-01 18:00:00,88316.38,88364.0,88105.08,88193.94,257.59166
2026-01-01 19:00:00,88193.94,88431.23,88062.32,88391.15,216.66303
2026-01-01 20:00:00,88391.16,88391.16,88240.0,88258.12,135.39527
2026-01-01 21:00:00,88258.12,88447.84,88254.08,88377.67,168.57205
2026-01-01 22:00:00,88377.67,88699.99,88377.67,88645.57,474.23054
2026-01-01 23:00:00,88645.57,88919.45,88474.63,88839.04,593.05254
2026-01-02 00:00:00,88839.05,88890.09,88594.39,88833.97,448.72758
2026-01-02 01:00:00,88833.96,88877.12,88525.73,88639.89,242.38673
2026-01-02 02:00:00,88639.89,88665.1,88379.88,88637.03,253.81052
2026-01-02 03:00:00,88637.02,89120.01,88573.64,88950.65,670.13653
2026-01-02 04:00:00,88950.64,88992.0,88629.0,88637.64,287.46487
2026-01-02 05:00:00,88637.64,88787.56,88576.56,88765.2,223.91609
2026-01-02 06:00:00,88765.21,89079.44,88715.44,88935.04,291.36506
2026-01-02 07:00:00,88935.05,89068.62,88794.01,88857.61,387.57118
2026-01-02 08:00:00,88857.6,89200.0,88758.94,89178.13,436.78167
2026-01-02 09:00:00,89178.13,89484.06,89106.34,89467.32,885.84196
2026-01-02 10:00:00,89467.32,89942.44,89451.34,89666.29,1401.67184
2026-01-02 11:00:00,89666.3,89682.04,89360.0,89502.95,610.27074
2026-01-02 12:00:00,89502.94,89593.17,89387.01,89400.0,388.55376
2026-01-02 13:00:00,89400.0,89688.6,89309.94,89348.68,481.02676
2026-01-02 14:00:00,89348.67,90135.0,88459.96,89580.0,2152.74387
2026-01-02 15:00:00,89580.01,89888.0,88800.0,89418.11,1551.51931
2026-01-02 16:00:00,89418.1,90800.0,89205.92,90376.05,2486.21857
2026-01-02 17:00:00,90376.05,90961.81,90185.43,90370.52,1336.49207
2026-01-02 18:00:00,90370.52,90555.99,89552.18,89773.1,847.22983
2026-01-02 19:00:00,89773.1,90157.03,89650.0,89897.23,485.53154
2026-01-02 20:00:00,89897.23,90075.0,89636.77,89740.0,538.07124
2026-01-02 21:00:00,89740.01,90175.01,89728.37,90065.8,330.88507
2026-01-02 22:00:00,90065.8,90400.0,90026.54,90195.37,409.68756
2026-01-02 23:00:00,90195.37,90201.67,89902.16,89995.13,249.06866
2026-01-03 00:00:00,89995.14,90195.77,89966.48,90156.19,298.52212
2026-01-03 01:00:00,90156.19,90292.87,90077.69,90282.69,236.37769
2026-01-03 02:00:00,90282.68,90418.32,90129.53,90340.0,305.59164
2026-01-03 03:00:00,90340.01,90376.49,90200.0,90321.22,185.70264
2026-01-03 04:00:00,90321.23,90480.62,90053.53,90170.0,411.08569
2026-01-03 05:00:00,90170.01,90198.0,89924.48,90031.1,222.72398
2026-01-03 06:00:00,90031.1,90134.6,89850.1,89871.05,273.68226
2026-01-03 07:00:00,89871.04,89950.88,89314.01,89577.13,869.92487
2026-01-03 08:00:00,89577.13,89831.9,89420.75,89670.51,458.1693
2026-01-03 09:00:00,89670.51,89982.11,89634.95,89791.99,409.91195
2026-01-03 10:00:00,89792.0,89881.1,89715.21,89754.47,270.67124
2026-01-03 11:00:00,89754.48,89782.81,89679.14,89752.74,162.35671
2026-01-03 12:00:00,89752.75,90046.0,89664.93,90039.13,374.21001
2026-01-03 13:00:00,90039.12,90065.74,89920.01,90004.96,287.30479
2026-01-03 14:00:00,90004.97,90249.99,89960.0,90126.02,298.26434
2026-01-03 15:00:00,90126.02,90126.02,89968.0,89969.31,155.37202
2026-01-03 16:00:00,89969.31,90219.67,89918.59,90105.24,200.27276
2026-01-03 17:00:00,90105.24,90123.77,90026.93,90093.99,83.86507
2026-01-03 18:00:00,90094.0,90197.88,90035.52,90138.87,141.85601
2026-01-03 19:00:00,90138.87,90156.19,90060.0,90123.77,90.08443
2026-01-03 20:00:00,90123.76,90372.4,90017.23,90372.39,179.02196
2026-01-03 21:00:00,90372.4,90741.16,90318.29,90564.31,398.89642
2026-01-03 22:00:00,90564.32,90738.99,90497.52,90590.04,433.4938
2026-01-03 23:00:00,90590.04,90700.0,90469.39,90628.01,310.10546
2026-01-04 00:00:00,90628.01,91610.17,90628.0,91341.47,1737.64298
2026-01-04 01:00:00,91341.48,91475.52,91005.37,91235.37,375.26249
2026-01-04 02:00:00,91235.37,91292.0,91080.06,91124.0,278.2894
2026-01-04 03:00:00,91124.0,91350.0,91080.06,91236.78,328.23931
2026-01-04 04:00:00,91236.78,91587.72,91183.15,91400.0,457.69348
2026-01-04 05:00:00,91400.01,91490.68,91348.31,91480.04,172.44443
2026-01-04 06:00:00,91480.04,91810.0,91237.54,91237.55,747.06543
2026-01-04 07:00:00,91237.54,91546.31,91211.25,91532.0,456.46078
2026-01-04 08:00:00,91532.0,91536.0,91174.46,91374.99,620.80815
2026-01-04 09:00:00,91374.99,91485.21,91244.29,91468.28,941.08164
2026-01-04 10:00:00,91468.28,91620.5,91422.67,91600.62,665.01473
2026-01-04 11:00:00,91600.62,91600.62,91236.19,91300.0,369.35457
2026-01-04 12:00:00,91300.01,91360.0,91084.0,91150.98,454.56858
2026-01-04 13:00:00,91150.99,91276.94,91014.1,91264.0,272.68922
2026-01-04 14:00:00,91264.0,91419.22,91146.86,91336.39,272.07953
2026-01-04 15:00:00,91336.39,91381.6,91096.27,91334.94,316.98098
2026-01-04 16:00:00,91334.94,91455.9,91244.6,91321.0,326.44422
2026-01-04 17:00:00,91321.0,91436.21,91306.77,91335.73,137.11227
2026-01-04 18:00:00,91335.72,91335.73,91000.0,91205.39,304.66859
2026-01-04 19:00:00,91205.38,91205.39,90863.47,91138.07,372.30446
2026-01-04 20:00:00,91138.06,91349.38,91132.0,91313.94,147.52188
2026-01-04 21:00:00,91313.93,91421.96,91182.71,91279.99,135.33795
2026-01-04 22:00:00,91279.99,91401.98,91150.47,91220.01,149.03275
2026-01-04 23:00:00,91220.0,91590.0,91220.0,91529.73,388.43188
2026-01-05 00:00:00,91529.74,92426.82,91514.81,92405.46,2061.87264
2026-01-05 01:00:00,92405.46,93388.0,92280.69,92967.28,1977.50385
2026-01-05 02:00:00,92967.29,93157.99,92724.98,93033.11,913.68581
2026-01-05 03:00:00,93033.11,93204.7,92871.26,92878.22,595.50021
2026-01-05 04:00:00,92878.22,92947.87,92330.46,92595.07,588.83873
2026-01-05 05:00:00,92595.07,92720.73,92340.39,92359.99,400.538
2026-01-05 06:00:00,92359.99,92500.0,92155.0,92491.81,320.70875
2026-01-05 07:00:00,92491.82,92644.31,92484.72,92520.63,528.78142
2026-01-05 08:00:00,92520.63,92774.28,92446.0,92467.53,603.26757
2026-01-05 09:00:00,92467.54,92845.53,92320.17,92688.6,645.33375
2026-01-05 10:00:00,92688.61,93151.0,92679.12,93080.0,681.83063
2026-01-05 11:00:00,93080.0,93151.0,92883.03,93134.26,567.75651
2026-01-05 12:00:00,93134.25,93206.2,92752.6,92874.28,453.5887
2026-01-05 13:00:00,92874.28,93020.0,92535.41,92742.74,486.24906
2026-01-05 14:00:00,92742.73,93666.0,92407.13,93428.0,1355.05943
2026-01-05 15:00:00,93428.0,94000.0,93170.95,93957.73,1929.19905
2026-01-05 16:00:00,93957.74,94076.35,93586.65,93701.31,1298.79178
2026-01-05 17:00:00,93701.3,94477.69,93250.0,94317.84,1154.3191
2026-01-05 18:00:00,94317.84,94500.0,93920.0,94449.62,974.95833
2026-01-05 19:00:00,94449.61,94500.0,94131.44,94303.4,762.3129
2026-01-05 20:00:00,94303.4,94789.08,94038.0,94177.99,1133.04005
2026-01-05 21:00:00,94178.0,94227.4,93800.0,94095.78,474.75745
2026-01-05 22:00:00,94095.78,94406.0,94012.3,94171.22,370.72137
2026-01-05 23:00:00,94171.21,94194.01,93859.7,93859.71,394.98075
2026-01-06 00:00:00,93859.71,93993.07,93555.93,93816.7,522.32093
2026-01-06 01:00:00,93816.7,94161.86,93739.37,93771.82,384.14412
2026-01-06 02:00:00,93771.82,93870.66,93529.18,93620.6,336.13865
2026-01-06 03:00:00,93620.6,93943.88,93601.96,93769.24,285.34343
2026-01-06 04:00:00,93769.25,94000.0,93734.25,93801.07,231.47521
2026-01-06 05:00:00,93801.07,93816.0,93572.11,93599.99,407.00036
2026-01-06 06:00:00,93599.99,93951.07,93538.83,93780.01,538.64562
2026-01-06 07:00:00,93780.01,93782.6,93137.98,93255.08,860.27324
2026-01-06 08:00:00,93255.08,93420.11,93167.29,93240.17,355.74138
2026-01-06 09:00:00,93240.18,93569.61,93229.37,93462.72,327.55172
2026-01-06 10:00:00,93462.72,93654.49,93413.2,93579.56,273.28705
2026-01-06 11:00:00,93579.56,93895.0,93571.43,93840.0,403.66589
2026-01-06 12:00:00,93839.99,93981.1,93784.3,93872.16,338.69848
2026-01-06 13:00:00,93872.17,93872.17,93636.75,93716.53,315.19532
2026-01-06 14:00:00,93716.53,94444.44,93531.28,93836.81,1676.33623
2026-01-06 15:00:00,93836.81,94311.22,93352.01,93648.99,1417.41756
2026-01-06 16:00:00,93649.0,93775.6,92336.0,92692.32,2208.46324
2026-01-06 17:00:00,92692.32,92773.05,91539.68,91589.24,1784.74974
2026-01-06 18:00:00,91589.23,92221.52,91262.94,92034.09,1427.50922
2026-01-06 19:00:00,92034.09,92361.82,91902.0,92104.5,733.78195
2026-01-06 20:00:00,92104.49,92698.04,92098.29,92505.32,775.34743
2026-01-06 21:00:00,92505.31,93845.03,92372.4,93258.05,1874.69965
2026-01-06 22:00:00,93258.04,93533.78,92966.75,93362.68,713.98511
2026-01-06 23:00:00,93362.67,93792.17,93333.32,93747.97,354.64676
2026-01-07 00:00:00,93747.97,93747.97,92626.31,92709.52,843.19542
2026-01-07 01:00:00,92709.36,92902.52,92330.33,92435.35,936.694
2026-01-07 02:00:00,92435.36,93060.0,92236.07,92949.77,598.87784
2026-01-07 03:00:00,92949.77,93108.69,92747.12,92815.83,294.44853
2026-01-07 04:00:00,92815.83,92930.35,92610.0,92670.29,319.36155
2026-01-07 05:00:00,92670.3,92847.16,92500.0,92529.54,227.33033
2026-01-07 06:00:00,92529.53,92899.57,92523.75,92614.84,240.63686
2026-01-07 07:00:00,92614.84,92895.56,92614.83,92879.13,256.24423
2026-01-07 08:00:00,92879.14,92961.53,92698.09,92718.9,263.5062
2026-01-07 09:00:00,92718.9,92718.91,91600.0,91716.14,1258.05952
2026-01-07 10:00:00,91716.14,92000.0,91600.0,91975.31,538.05487
2026-01-07 11:00:00,91975.31,92253.16,91928.21,92087.21,542.17686
2026-01-07 12:00:00,92087.21,92176.98,91977.73,91997.86,317.95554
2026-01-07 13:00:00,91997.85,92299.4,91864.52,92044.67,443.04448
2026-01-07 14:00:00,92044.67,92135.1,91353.39,91959.04,1427.59818
2026-01-07 15:00:00,91959.05,92000.0,91024.0,91349.96,1434.72957
2026-01-07 16:00:00,91349.95,91790.0,91150.0,91264.54,677.82559
2026-01-07 17:00:00,91264.55,91698.15,91026.01,91252.14,548.07377
2026-01-07 18:00:00,91252.13,91441.35,90733.14,90901.39,816.16719
2026-01-07 19:00:00,90901.38,91280.07,90675.52,91186.07,611.7426
2026-01-07 20:00:00,91186.07,91300.75,90778.32,91047.49,438.79062
2026-01-07 21:00:00,91047.49,91231.9,91035.77,91089.5,245.38775
2026-01-07 22:00:00,91089.5,91383.14,90873.08,91180.85,362.9278
2026-01-07 23:00:00,91180.85,91489.6,91004.1,91364.16,633.66095
2026-01-08 00:00:00,91364.16,91529.72,91072.16,91394.71,369.48198
2026-01-08 01:00:00,91394.7,91687.99,91300.0,91428.4,306.46699
2026-01-08 02:00:00,91428.39,91473.0,90764.0,90956.49,571.10105
2026-01-08 03:00:00,90956.5,91142.51,90616.36,90813.4,547.79189
2026-01-08 04:00:00,90813.4,91168.0,90700.0,91022.75,357.33917
2026-01-08 05:00:00,91022.74,91188.0,90786.14,90829.58,295.83835
2026-01-08 06:00:00,90829.58,90872.0,89897.01,89898.01,1360.25581
2026-01-08 07:00:00,89898.0,90588.0,89641.84,90548.02,1094.34311
2026-01-08 08:00:00,90548.02,90917.22,90155.05,90227.25,841.98085
2026-01-08 09:00:00,90227.25,90374.78,89956.0,90010.0,514.04982
2026-01-08 10:00:00,90009.99,90493.18,89777.25,90410.1,526.53398
2026-01-08 11:00:00,90409.61,90487.31,90022.26,90226.77,548.71612
2026-01-08 12:00:00,90226.77,90240.85,89781.96,89989.21,992.96975
2026-01-08 13:00:00,89989.2,90105.08,89861.59,89962.14,441.44929
2026-01-08 14:00:00,89962.14,90171.0,89311.0,90024.01,1521.76403
2026-01-08 15:00:00,90024.0,90847.52,89820.89,90781.57,1428.07575
2026-01-08 16:00:00,90781.57,90926.84,90312.89,90926.84,855.68064
2026-01-08 17:00:00,90926.84,91440.0,90842.0,91366.39,874.20589
2026-01-08 18:00:00,91366.39,91469.0,90952.0,91117.35,517.40477
2026-01-08 19:00:00,91117.35,91333.0,90812.98,90937.41,409.298
2026-01-08 20:00:00,90937.42,90996.02,90568.11,90927.62,476.53275
2026-01-08 21:00:00,90927.63,91336.63,90917.7,91272.96,629.96765
2026-01-08 22:00:00,91272.96,91493.0,91033.11,91231.9,417.67218
2026-01-08 23:00:00,91231.89,91336.63,91046.87,91099.99,233.87135
2026-01-09 00:00:00,91100.0,91307.72,91058.7,91290.33,179.40576
2026-01-09 01:00:00,91290.34,91632.1,90850.0,91056.19,545.56598
2026-01-09 02:00:00,91056.2,91481.19,91023.0,91038.38,431.1021
2026-01-09 03:00:00,91038.39,91271.73,90941.44,91220.23,417.7946
2026-01-09 04:00:00,91220.24,91236.72,90933.3,91012.8,322.36121
2026-01-09 05:00:00,91012.81,91119.81,90882.71,91091.82,292.21625
2026-01-09 06:00:00,91091.82,91146.47,90989.29,91137.58,209.50276
2026-01-09 07:00:00,91137.58,91137.58,90738.34,90741.84,669.4759
2026-01-09 08:00:00,90741.85,90843.77,89694.66,90033.52,1141.88324
2026-01-09 09:00:00,90033.52,90481.2,90014.6,90338.46,507.45187
2026-01-09 10:00:00,90338.47,90558.01,90283.47,90485.87,396.79277
2026-01-09 11:00:00,90485.87,90691.32,90404.21,90463.11,540.59585
2026-01-09 12:00:00,90463.12,90603.53,90235.13,90449.23,690.17113
2026-01-09 13:00:00,90449.22,90938.62,90405.15,90607.66,722.68305
2026-01-09 14:00:00,90607.66,90666.91,89940.0,90150.0,840.37741
2026-01-09 15:00:00,90150.01,92082.55,89850.0,91176.47,3441.12901
2026-01-09 16:00:00,91176.48,91783.32,91175.79,91623.89,1143.47636
2026-01-09 17:00:00,91623.89,91680.41,91012.0,91422.23,688.89123
2026-01-09 18:00:00,91422.23,91507.82,90340.0,90820.31,551.14415
2026-01-09 19:00:00,90820.3,90820.3,90190.0,90332.15,578.57871
2026-01-09 20:00:00,90332.14,90580.62,90235.0,90303.36,313.31668
2026-01-09 21:00:00,90303.37,90643.81,90113.87,90541.97,207.05117
2026-01-09 22:00:00,90541.98,90723.06,90353.91,90630.08,575.52178
2026-01-09 23:00:00,90630.08,90732.01,90604.58,90641.28,183.79042
2026-01-10 00:00:00,90641.27,90693.89,90527.99,90600.0,151.21516
2026-01-10 01:00:00,90600.0,90732.2,90587.0,90688.0,113.18366
2026-01-10 02:00:00,90688.0,90782.23,90607.02,90697.17,139.70054
2026-01-10 03:00:00,90697.17,90697.18,90554.26,90626.14,124.89032
2026-01-10 04:00:00,90626.15,90649.99,90408.23,90448.3,164.87324
2026-01-10 05:00:00,90448.3,90617.62,90431.45,90603.52,84.41081
2026-01-10 06:00:00,90603.52,90603.53,90474.35,90505.47,74.15884
2026-01-10 07:00:00,90505.48,90682.7,90505.47,90678.5,168.18359
2026-01-10 08:00:00,90678.5,90773.33,90618.28,90661.95,288.33994
2026-01-10 09:00:00,90661.94,90768.97,90630.09,90768.96,158.69299
2026-01-10 10:00:00,90768.97,90832.0,90728.45,90828.0,126.67512
2026-01-10 11:00:00,90828.0,90828.0,90708.25,90723.86,73.68827
2026-01-10 12:00:00,90723.87,90788.78,90665.75,90733.71,94.62022
2026-01-10 13:00:00,90733.71,90772.78,90633.86,90656.51,82.9916
2026-01-10 14:00:00,90656.52,90658.69,90538.46,90591.01,144.35468
2026-01-10 15:00:00,90591.01,90665.76,90584.17,90665.75,92.51513
2026-01-10 16:00:00,90665.76,90725.74,90609.56,90676.66,142.80125
2026-01-10 17:00:00,90676.66,90746.0,90544.96,90544.96,152.86625
2026-01-10 18:00:00,90544.96,90595.63,90504.55,90595.62,158.53961
2026-01-10 19:00:00,90595.62,90631.37,90580.61,90626.54,75.9405
2026-01-10 20:00:00,90626.54,90659.03,90571.0,90572.86,99.38243
2026-01-10 21:00:00,90572.86,90572.86,90500.38,90510.74,144.94285
2026-01-10 22:00:00,90510.75,90600.0,90404.0,90427.76,161.64189
2026-01-10 23:00:00,90427.76,90567.15,90427.75,90504.7,85.50833
2026-01-11 00:00:00,90504.7,90650.75,90451.1,90640.44,114.3636
2026-01-11 01:00:00,90640.44,90675.53,90558.95,90628.23,83.46973
2026-01-11 02:00:00,90628.24,90731.9,90615.34,90699.0,123.06702
2026-01-11 03:00:00,90699.0,90737.95,90631.64,90733.5,142.98004
2026-01-11 04:00:00,90733.49,90785.48,90661.53,90785.48,141.85581
2026-01-11 05:00:00,90785.48,90850.0,90740.0,90774.43,128.06651
2026-01-11 06:00:00,90774.42,90796.83,90585.34,90744.0,169.88277
2026-01-11 07:00:00,90744.0,90749.0,90675.52,90710.79,107.03833
2026-01-11 08:00:00,90710.8,90816.0,90610.27,90790.01,261.70108
2026-01-11 09:00:00,90790.01,90815.44,90675.6,90740.02,180.86038
2026-01-11 10:00:00,90740.01,90740.02,90692.79,90736.67,123.08314
2026-01-11 11:00:00,90736.66,90756.0,90695.05,90754.99,128.73157
2026-01-11 12:00:00,90754.99,91020.0,90720.21,90938.13,211.42505
2026-01-11 13:00:00,90938.12,90972.33,90821.47,90849.45,154.00693
2026-01-11 14:00:00,90849.45,91191.5,90849.45,91127.16,282.45011
2026-01-11 15:00:00,91127.17,91153.99,90708.25,90875.79,496.14604
2026-01-11 16:00:00,90875.79,91283.89,90875.79,91039.15,389.24788
2026-01-11 17:00:00,91039.14,91147.82,90904.07,90986.68,234.85682
2026-01-11 18:00:00,90986.68,90986.69,90793.43,90886.68,177.99755
2026-01-11 19:00:00,90886.68,90922.08,90673.3,90690.8,159.3051
2026-01-11 20:00:00,90690.81,90743.72,90370.85,90708.26,497.31755
2026-01-11 21:00:00,90708.25,90838.69,90590.61,90757.06,217.97309
2026-01-11 22:00:00,90757.07,90757.07,90453.36,90526.02,255.60666
2026-01-11 23:00:00,90526.01,91041.79,90236.0,91013.65,695.70318
2026-01-12 00:00:00,91013.66,91258.66,90700.29,91258.65,740.6183
2026-01-12 01:00:00,91258.66,91799.0,91086.0,91412.44,973.78286
2026-01-12 02:00:00,91412.44,92384.4,91374.0,92203.56,1103.07593
2026-01-12 03:00:00,92203.56,92519.95,91808.11,91808.12,968.99203
2026-01-12 04:00:00,91808.12,92290.81,91741.82,92175.78,651.2656
2026-01-12 05:00:00,92175.79,92267.66,92037.51,92111.86,274.66206
2026-01-12 06:00:00,92111.87,92207.01,91805.43,91836.34,279.64865
2026-01-12 07:00:00,91836.35,91970.0,91381.36,91408.09,500.6572
2026-01-12 08:00:00,91408.09,91630.13,90388.89,90752.27,1298.94335
2026-01-12 09:00:00,90752.28,90942.85,90648.15,90685.64,605.22242
2026-01-12 10:00:00,90685.65,90793.18,90370.0,90433.46,399.68146
2026-01-12 11:00:00,90433.45,90824.86,90425.36,90620.96,457.29481
2026-01-12 12:00:00,90620.95,90863.74,90615.66,90789.37,244.81991
2026-01-12 13:00:00,90789.37,90829.73,90538.0,90636.01,327.61952
2026-01-12 14:00:00,90636.0,91131.39,90128.44,90908.95,1300.15719
2026-01-12 15:00:00,90908.95,91665.0,90705.91,91665.0,1031.47333
2026-01-12 16:00:00,91664.99,92332.0,91567.81,92123.52,1578.09092
2026-01-12 17:00:00,92123.51,92306.62,91000.53,91522.83,1208.45838
2026-01-12 18:00:00,91522.83,91943.26,91411.79,91691.8,505.47425
2026-01-12 19:00:00,91691.8,91880.0,91434.8,91861.27,337.94969
2026-01-12 20:00:00,91861.27,92046.23,91417.99,91484.86,374.00813
2026-01-12 21:00:00,91484.87,91502.37,90938.2,91055.17,398.88227
2026-01-12 22:00:00,91055.17,91441.34,91052.21,91244.99,313.86446
2026-01-12 23:00:00,91244.99,91311.68,91059.88,91296.2,313.43996
2026-01-13 00:00:00,91296.2,91546.08,91249.0,91482.74,334.56358
2026-01-13 01:00:00,91482.74,91546.08,91042.66,91185.35,442.20574
2026-01-13 02:00:00,91185.34,91382.82,91097.8,91118.3,271.94314
2026-01-13 03:00:00,91118.3,91453.45,91118.29,91408.91,263.81213
2026-01-13 04:00:00,91408.9,91650.81,91350.71,91515.16,272.26771
2026-01-13 05:00:00,91515.17,92255.94,91472.36,91920.99,991.25943
2026-01-13 06:00:00,91921.0,92275.38,91806.19,92184.36,600.50125
2026-01-13 07:00:00,92184.37,92212.48,91905.33,91942.0,704.5617
2026-01-13 08:00:00,91941.99,92250.66,91924.27,92165.9,528.9889
2026-01-13 09:00:00,92165.89,92672.11,91950.0,92269.42,1215.58278
2026-01-13 10:00:00,92269.42,92350.03,92021.15,92128.62,394.76711
2026-01-13 11:00:00,92128.63,92261.04,91972.44,92000.74,405.87783
2026-01-13 12:00:00,92000.73,92153.84,91910.25,92109.35,280.96679
2026-01-13 13:00:00,92109.35,92606.42,91978.66,92076.12,1336.2017
2026-01-13 14:00:00,92076.11,92915.12,91787.61,92462.03,1289.79234
2026-01-13 15:00:00,92462.03,93450.0,92132.66,93449.99,1429.93474
2026-01-13 16:00:00,93449.99,93760.0,93078.31,93389.63,1920.2444
2026-01-13 17:00:00,93389.63,93498.72,93100.0,93241.99,796.01222
2026-01-13 18:00:00,93241.99,93871.29,93198.09,93633.71,950.82758
2026-01-13 19:00:00,93633.71,94231.82,93475.07,94226.84,1085.51387
2026-01-13 20:00:00,94226.85,94500.0,94113.13,94408.7,1604.35758
2026-01-13 21:00:00,94408.7,94507.99,94062.0,94087.23,1173.77039
2026-01-13 22:00:00,94087.23,96495.0,94087.23,95757.21,3452.31954
2026-01-13 23:00:00,95757.19,96107.97,95055.01,95414.0,1275.24237
2026-01-14 00:00:00,95413.99,95647.91,95154.04,95236.84,662.80362
2026-01-14 01:00:00,95236.84,95582.0,95116.03,95245.6,749.06956
2026-01-14 02:00:00,95245.61,95562.0,95190.06,95347.46,588.58584
2026-01-14 03:00:00,95347.47,95722.01,95285.5,95720.99,381.4409
2026-01-14 04:00:00,95720.99,95799.22,95224.44,95245.16,460.39311
2026-01-14 05:00:00,95245.17,95270.25,94972.0,95005.0,669.59606
2026-01-14 06:00:00,95005.01,95028.88,94559.28,95028.87,859.31999
2026-01-14 07:00:00,95028.88,95233.99,94850.0,95205.1,884.32504
2026-01-14 08:00:00,95205.11,95315.15,94900.0,94900.01,380.43239
2026-01-14 09:00:00,94900.01,95186.51,94870.01,95088.24,468.07232
2026-01-14 10:00:00,95088.24,95291.98,94888.0,95091.75,526.44388
2026-01-14 11:00:00,95091.49,95091.49,94737.95,94792.99,381.08629
2026-01-14 12:00:00,94793.0,95154.78,94680.67,95077.56,424.37035
2026-01-14 13:00:00,95077.56,95241.7,94890.68,94998.19,454.3002
2026-01-14 14:00:00,94998.2,96827.0,94982.56,96493.15,2348.26402
2026-01-14 15:00:00,96493.14,97084.68,96188.25,96764.57,2804.69067
2026-01-14 16:00:00,96764.57,97693.66,96730.77,97293.24,2448.97546
2026-01-14 17:00:00,97293.23,97777.0,96800.0,96956.07,2017.29615
2026-01-14 18:00:00,96956.07,97110.0,96246.56,96806.55,1150.91366
2026-01-14 19:00:00,96806.54,97640.68,96688.36,97267.42,1063.44638
2026-01-14 20:00:00,97267.42,97924.49,97209.25,97655.28,1157.33493
2026-01-14 21:00:00,97655.27,97717.72,97390.0,97564.0,494.72849
2026-01-14 22:00:00,97563.99,97587.34,96772.02,96878.34,1038.79474
2026-01-14 23:00:00,96878.34,97371.33,96865.34,96951.78,437.21023
2026-01-15 00:00:00,96951.78,97000.0,96500.0,96658.03,798.45682
2026-01-15 01:00:00,96658.03,96959.09,96297.32,96445.31,701.30226
2026-01-15 02:00:00,96445.32,96617.06,96095.8,96339.91,530.33501
2026-01-15 03:00:00,96339.92,96393.58,95777.0,95985.1,791.5879
2026-01-15 04:00:00,95985.11,96387.42,95952.89,96316.27,483.75975
2026-01-15 05:00:00,96316.27,96510.57,96247.64,96429.71,419.70339
2026-01-15 06:00:00,96429.71,96588.45,96172.41,96243.78,473.63021
2026-01-15 07:00:00,96243.79,96760.15,96191.79,96630.48,679.19921
2026-01-15 08:00:00,96630.47,96662.0,96289.98,96643.0,760.49437
2026-01-15 09:00:00,96643.01,97193.34,96559.19,97040.75,1029.77719
2026-01-15 10:00:00,97040.75,97070.39,96750.0,96818.68,414.89635
2026-01-15 11:00:00,96818.68,96935.39,96580.03,96581.08,588.17595
2026-01-15 12:00:00,96581.07,96994.65,96525.24,96981.65,332.6743
2026-01-15 13:00:00,96981.66,97032.99,96620.12,96846.75,496.85903
2026-01-15 14:00:00,96846.74,97165.03,95592.69,96063.43,1629.09421
2026-01-15 15:00:00,96063.43,96791.67,95435.91,96737.04,2359.5541
2026-01-15 16:00:00,96737.04,96969.99,96272.72,96738.51,1973.14331
2026-01-15 17:00:00,96738.5,97163.0,96426.18,96636.35,2398.07402
2026-01-15 18:00:00,96636.35,96650.51,95745.25,95835.0,2117.40598
2026-01-15 19:00:00,95835.01,95920.31,95183.13,95516.01,1380.26708
2026-01-15 20:00:00,95516.01,95660.0,95134.48,95260.67,524.36978
2026-01-15 21:00:00,95260.68,95631.08,95196.0,95584.35,297.62442
2026-01-15 22:00:00,95584.36,95871.0,95488.91,95583.87,269.05055
2026-01-15 23:00:00,95583.87,95718.31,95378.58,95604.8,276.3785
2026-01-16 00:00:00,95604.81,95828.01,95570.96,95633.5,207.12295
2026-01-16 01:00:00,95633.5,95855.12,95420.75,95664.18,401.56495
2026-01-16 02:00:00,95664.17,95687.47,95393.9,95504.4,384.29986
2026-01-16 03:00:00,95504.4,95586.6,95321.58,95354.69,214.15334
2026-01-16 04:00:00,95354.69,95582.41,95133.03,95261.29,700.90747
2026-01-16 05:00:00,95261.3,95676.73,95242.18,95660.37,746.7663
2026-01-16 06:00:00,95660.38,95816.83,95534.0,95741.21,443.54681
2026-01-16 07:00:00,95741.22,95788.34,95489.6,95653.16,403.70542
2026-01-16 08:00:00,95653.16,95871.47,95570.68,95676.0,594.74259
2026-01-16 09:00:00,95676.01,95788.17,95601.5,95613.53,177.27273
2026-01-16 10:00:00,95613.53,95637.0,95280.51,95307.35,538.64006
2026-01-16 11:00:00,95307.35,95470.0,95261.43,95429.09,303.73259
2026-01-16 12:00:00,95429.09,95569.0,95353.5,95458.55,289.70117
2026-01-16 13:00:00,95458.55,95579.0,95288.05,95448.87,277.92918
2026-01-16 14:00:00,95448.86,95809.08,95192.35,95192.36,624.83754
2026-01-16 15:00:00,95192.36,95663.15,94293.46,94585.98,1821.66491
2026-01-16 16:00:00,94585.99,94990.73,94508.0,94872.55,811.28371
2026-01-16 17:00:00,94872.55,95130.49,94555.88,95076.08,513.23212
2026-01-16 18:00:00,95076.09,95215.74,94960.04,95001.19,353.51337
2026-01-16 19:00:00,95001.19,95055.31,94841.31,95002.09,176.56522
2026-01-16 20:00:00,95002.09,95561.5,94682.0,95553.6,414.87593
2026-01-16 21:00:00,95553.61,95600.0,95359.69,95523.52,341.14068
2026-01-16 22:00:00,95523.52,95574.0,95260.64,95514.0,283.10566
2026-01-16 23:00:00,95513.99,95577.89,95433.83,95550.94,143.41004
2026-01-17 00:00:00,95550.94,95578.2,95433.94,95465.97,129.13356
2026-01-17 01:00:00,95465.97,95530.0,95384.86,95399.93,104.26658
2026-01-17 02:00:00,95399.94,95412.86,95200.0,95371.35,155.12882
2026-01-17 03:00:00,95371.36,95384.87,95270.79,95372.95,132.4524
2026-01-17 04:00:00,95372.94,95372.95,95260.64,95303.64,131.52683
2026-01-17 05:00:00,95303.63,95373.64,95275.05,95323.67,103.95781
2026-01-17 06:00:00,95323.68,95347.89,95186.29,95240.07,125.70578
2026-01-17 07:00:00,95240.08,95240.08,95041.7,95101.67,197.34545
2026-01-17 08:00:00,95101.67,95260.65,95021.67,95247.51,164.49559
2026-01-17 09:00:00,95247.51,95290.08,95176.9,95260.65,104.24877
2026-01-17 10:00:00,95260.65,95271.21,95116.47,95116.48,127.2407
2026-01-17 11:00:00,95116.48,95323.86,95073.57,95323.86,218.85009
2026-01-17 12:00:00,95323.85,95412.84,95243.63,95251.15,215.62364
2026-01-17 13:00:00,95251.15,95438.33,95198.81,95438.32,227.83624
2026-01-17 14:00:00,95438.32,95544.07,95357.02,95471.18,259.56584
2026-01-17 15:00:00,95471.17,95639.45,95433.81,95573.64,747.96943
2026-01-17 16:00:00,95573.65,95576.14,95212.25,95315.23,330.67135
2026-01-17 17:00:00,95315.23,95440.8,95295.17,95357.24,141.2049
2026-01-17 18:00:00,95357.23,95465.98,95346.0,95428.25,100.5073
2026-01-17 19:00:00,95428.25,95428.25,95290.7,95291.38,64.10708
2026-01-17 20:00:00,95291.37,95383.84,95291.36,95378.18,65.25873
2026-01-17 21:00:00,95378.19,95412.86,95283.99,95302.94,114.01955
2026-01-17 22:00:00,95302.94,95302.94,95050.0,95170.97,209.18455
2026-01-17 23:00:00,95170.98,95208.96,95123.79,95147.77,110.50038
2026-01-18 00:00:00,95147.77,95250.0,95067.83,95112.47,179.02691
2026-01-18 01:00:00,95112.48,95112.48,94876.33,94966.9,243.7208
2026-01-18 02:00:00,94966.89,95069.07,94880.53,95022.01,148.4607
2026-01-18 03:00:00,95022.01,95205.74,95022.01,95200.29,149.82604
2026-01-18 04:00:00,95200.29,95200.3,95075.3,95095.68,90.87843
2026-01-18 05:00:00,95095.68,95260.0,95059.27,95188.55,176.45319
2026-01-18 06:00:00,95188.54,95199.62,95144.3,95171.43,144.72253
2026-01-18 07:00:00,95171.44,95183.3,95028.27,95028.27,293.23856
2026-01-18 08:00:00,95028.27,95195.0,95021.44,95183.93,124.9626
2026-01-18 09:00:00,95183.93,95295.35,95149.18,95275.73,312.28376
2026-01-18 10:00:00,95275.73,95295.39,95088.0,95180.66,344.24187
2026-01-18 11:00:00,95180.67,95180.67,95061.65,95168.06,178.51779
2026-01-18 12:00:00,95168.06,95178.09,95081.32,95113.25,122.90856
2026-01-18 13:00:00,95113.24,95205.4,94910.0,95146.82,328.31194
2026-01-18 14:00:00,95146.82,95376.24,94928.51,94955.79,530.3533
2026-01-18 15:00:00,94955.78,95125.47,94915.21,95119.28,195.60522
2026-01-18 16:00:00,95119.27,95186.3,95073.02,95169.35,105.98121
2026-01-18 17:00:00,95169.35,95280.24,95140.61,95274.36,147.92595
2026-01-18 18:00:00,95274.35,95521.71,95180.9,95439.6,407.32335
2026-01-18 19:00:00,95439.6,95514.0,95333.99,95380.99,260.23192
2026-01-18 20:00:00,95380.99,95441.22,95285.2,95304.01,77.90234
2026-01-18 21:00:00,95304.01,95430.45,95284.23,95430.44,81.51777
2026-01-18 22:00:00,95430.45,95531.12,95412.86,95498.61,319.96465
2026-01-18 23:00:00,95498.6,95498.6,93615.4,93673.14,1930.8188
2026-01-19 00:00:00,93673.14,93673.14,91910.2,92711.02,4221.82713
2026-01-19 01:00:00,92711.02,92875.68,92247.97,92586.65,910.87085
2026-01-19 02:00:00,92586.65,92672.0,92383.94,92566.8,452.44264
2026-01-19 03:00:00,92566.8,92776.83,92500.0,92690.09,556.40187
2026-01-19 04:00:00,92690.08,92748.32,92502.58,92665.0,506.12587
2026-01-19 05:00:00,92665.0,92811.11,92504.24,92511.77,357.86057
2026-01-19 06:00:00,92511.77,92629.26,92385.07,92583.27,427.02868
2026-01-19 07:00:00,92583.27,92861.41,92562.0,92841.62,421.22196
2026-01-19 08:00:00,92841.62,93368.44,92702.56,93259.09,865.57873
2026-01-19 09:00:00,93259.09,93268.12,92950.0,93060.06,474.82948
2026-01-19 10:00:00,93060.06,93081.3,92900.0,93064.88,263.24721
2026-01-19 11:00:00,93064.88,93317.29,92969.94,93191.96,305.33086
2026-01-19 12:00:00,93191.96,93226.44,92979.48,93070.6,586.84126
2026-01-19 13:00:00,93070.6,93151.37,92807.34,93031.86,326.88604
2026-01-19 14:00:00,93031.85,93039.6,92700.0,92812.43,417.89495
2026-01-19 15:00:00,92812.43,93081.0,92812.43,93068.62,467.20202
2026-01-19 16:00:00,93068.62,93420.0,92994.0,93301.86,380.00206
2026-01-19 17:00:00,93301.85,93389.45,93150.0,93242.99,357.60248
2026-01-19 18:00:00,93242.99,93259.39,92930.0,93065.84,235.78814
2026-01-19 19:00:00,93065.83,93154.32,93000.0,93105.85,179.79114
2026-01-19 20:00:00,93105.85,93274.82,93084.15,93141.94,178.48795
2026-01-19 21:00:00,93141.95,93342.36,93000.03,93003.42,240.63302
2026-01-19 22:00:00,93003.41,93060.0,92565.78,92565.78,374.00927
2026-01-19 23:00:00,92565.78,92750.0,92158.48,92631.0,787.62329
2026-01-20 00:00:00,92630.99,92870.0,92370.25,92717.9,325.00059
2026-01-20 01:00:00,92717.9,92867.28,92525.8,92716.48,251.70499
2026-01-20 02:00:00,92716.47,92729.94,92370.68,92552.16,354.36518
2026-01-20 03:00:00,92552.15,92650.0,92264.7,92434.92,329.07012
2026-01-20 04:00:00,92434.93,92470.37,92000.01,92062.61,363.95619
2026-01-20 05:00:00,92062.62,92084.8,91294.11,91624.18,1546.22756
2026-01-20 06:00:00,91624.19,91625.31,90771.78,90929.98,1830.88581
2026-01-20 07:00:00,90929.98,91319.05,90862.83,91177.98,907.06352
2026-01-20 08:00:00,91177.99,91255.7,90693.0,91116.0,1083.7965
2026-01-20 09:00:00,91116.0,91116.0,90899.0,91036.25,381.95269
2026-01-20 10:00:00,91036.25,91294.11,90998.08,91269.58,415.15786
2026-01-20 11:00:00,91269.57,91442.88,91214.36,91218.99,373.22315
2026-01-20 12:00:00,91218.99,91318.94,91027.74,91280.31,528.8374
2026-01-20 13:00:00,91280.31,91289.64,90777.0,90958.88,722.76892
2026-01-20 14:00:00,90958.89,91371.11,90272.53,90531.15,1809.16854
2026-01-20 15:00:00,90531.15,90808.04,89859.06,90684.95,1977.53179
2026-01-20 16:00:00,90684.95,90974.49,90023.99,90165.51,895.41274
2026-01-20 17:00:00,90165.5,90505.68,89431.1,89775.46,1552.7044
2026-01-20 18:00:00,89775.47,89958.0,89395.07,89501.0,885.28879
2026-01-20 19:00:00,89501.0,89795.45,89292.48,89725.76,781.3523
2026-01-20 20:00:00,89725.77,89854.2,89400.0,89733.99,735.02193
2026-01-20 21:00:00,89734.0,89829.11,89428.0,89476.01,445.56945
2026-01-20 22:00:00,89476.01,89645.56,87900.0,88509.18,2094.09769
2026-01-20 23:00:00,88509.18,88534.21,87895.98,88427.66,1417.16799
2026-01-21 00:00:00,88427.66,88982.0,88250.0,88936.01,1052.93124
2026-01-21 01:00:00,88936.01,89165.2,88850.0,89020.91,502.12138
2026-01-21 02:00:00,89020.91,89381.86,89000.0,89048.57,884.94036
2026-01-21 03:00:00,89048.56,89598.8,89046.0,89432.33,540.55763
2026-01-21 04:00:00,89432.33,89630.0,89354.72,89448.89,300.28776
2026-01-21 05:00:00,89448.89,90120.44,89437.25,89950.04,554.5838
2026-01-21 06:00:00,89950.03,89950.04,89491.96,89649.62,369.00614
2026-01-21 07:00:00,89649.63,89767.29,89093.28,89213.95,825.75082
2026-01-21 08:00:00,89213.96,89385.4,89000.0,89197.35,723.12982
2026-01-21 09:00:00,89197.36,89493.46,89080.0,89112.3,307.89975
2026-01-21 10:00:00,89112.3,89395.08,89080.0,89248.99,328.36365
2026-01-21 11:00:00,89248.99,89382.0,88700.0,88789.99,651.53578
2026-01-21 12:00:00,88789.99,88849.39,88196.72,88736.31,1271.35096
2026-01-21 13:00:00,88736.31,89020.32,88558.67,88672.64,735.83253
2026-01-21 14:00:00,88672.64,89993.88,88611.15,89805.43,1602.75733
2026-01-21 15:00:00,89805.43,90574.0,89759.59,90288.04,1074.26054
2026-01-21 16:00:00,90288.04,90360.0,87590.0,87602.4,2075.92566
2026-01-21 17:00:00,87602.39,88156.47,87263.53,87932.38,1818.07575
2026-01-21 18:00:00,87932.37,88657.23,87585.05,88485.43,743.38561
2026-01-21 19:00:00,88485.43,90450.0,88280.55,90355.56,1787.81485
2026-01-21 20:00:00,90355.56,90377.0,89392.0,90214.01,1099.33527
2026-01-21 21:00:00,90214.02,90339.58,89950.36,90249.18,428.70398
2026-01-21 22:00:00,90249.18,90377.0,89752.38,89763.51,414.26891
2026-01-21 23:00:00,89763.51,90212.89,89344.98,89454.73,524.6842
2026-01-22 00:00:00,89454.73,90032.5,89454.72,89908.49,394.22125
2026-01-22 01:00:00,89908.5,90198.51,89826.38,90113.19,341.32729
2026-01-22 02:00:00,90113.2,90359.99,89851.03,89938.3,436.55946
2026-01-22 03:00:00,89938.3,90166.67,89702.84,89899.51,389.70123
2026-01-22 04:00:00,89899.51,90076.77,89826.67,89998.91,327.01022
2026-01-22 05:00:00,89998.91,90075.8,89928.09,90026.3,201.60447
2026-01-22 06:00:00,90026.3,90215.79,89900.0,90172.11,274.11012
2026-01-22 07:00:00,90172.12,90196.99,89802.0,89818.79,410.94787
2026-01-22 08:00:00,89818.79,89968.28,89760.0,89920.16,241.50947
2026-01-22 09:00:00,89920.16,90113.43,89883.8,90033.02,235.39671
2026-01-22 10:00:00,90033.02,90101.83,89960.0,90078.77,307.75831
2026-01-22 11:00:00,90078.76,90150.0,89897.87,89941.26,341.2419
2026-01-22 12:00:00,89941.26,90099.99,89873.09,90021.09,250.41912
2026-01-22 13:00:00,90021.09,90340.0,89478.92,89619.81,800.98427
2026-01-22 14:00:00,89619.81,89742.67,89039.78,89088.59,1132.03645
2026-01-22 15:00:00,89088.6,89445.24,88515.37,89000.01,1328.81681
2026-01-22 16:00:00,89000.0,89270.0,88676.95,89054.06,820.87315
2026-01-22 17:00:00,89054.07,89616.04,89024.55,89550.01,536.51415
2026-01-22 18:00:00,89550.0,89797.5,89301.9,89333.94,457.15553
2026-01-22 19:00:00,89333.93,89924.46,89114.48,89777.9,489.86443
2026-01-22 20:00:00,89777.89,89946.13,89398.87,89409.72,338.82702
2026-01-22 21:00:00,89409.73,89669.21,89238.32,89268.66,272.77807
2026-01-22 22:00:00,89268.66,89566.0,89140.13,89346.99,294.98276
2026-01-22 23:00:00,89346.99,89583.62,89170.74,89559.67,200.86486
2026-01-23 00:00:00,89559.68,89638.84,89450.48,89520.01,225.79843
2026-01-23 01:00:00,89520.01,89939.39,89520.01,89939.38,281.57226
2026-01-23 02:00:00,89939.39,89979.97,89655.41,89663.48,375.68609
2026-01-23 03:00:00,89663.47,89924.78,89646.18,89924.78,261.08428
2026-01-23 04:00:00,89924.78,90088.94,89871.73,89965.42,430.92263
2026-01-23 05:00:00,89965.43,89969.02,89473.99,89616.03,360.8873
2026-01-23 06:00:00,89616.04,89799.36,89400.0,89509.59,450.16637
2026-01-23 07:00:00,89509.59,89686.4,89447.52,89549.45,487.74127
2026-01-23 08:00:00,89549.45,89632.18,89133.35,89221.46,544.19233
2026-01-23 09:00:00,89221.46,89388.71,88897.81,88977.72,632.36708
2026-01-23 10:00:00,88977.72,89160.74,88860.44,89046.49,334.46792
2026-01-23 11:00:00,89046.49,89355.51,89000.0,89202.48,481.66038
2026-01-23 12:00:00,89202.47,89383.09,89099.2,89267.83,219.71914
2026-01-23 13:00:00,89267.83,89450.18,89237.65,89350.81,297.7631
2026-01-23 14:00:00,89350.8,89733.71,88663.65,89017.85,1240.76676
2026-01-23 15:00:00,89017.85,89865.53,88578.36,89761.61,1078.68425
2026-01-23 16:00:00,89761.61,90490.06,89489.0,90124.85,1266.72506
2026-01-23 17:00:00,90124.86,91224.99,89978.4,90600.0,1346.59832
2026-01-23 18:00:00,90600.0,91039.75,90449.42,90530.45,698.45416
2026-01-23 19:00:00,90530.44,90534.59,89612.01,89982.79,1118.99851
2026-01-23 20:00:00,89982.79,90156.06,89200.68,89503.68,917.72716
2026-01-23 21:00:00,89503.67,89691.18,89317.0,89349.99,308.4371
2026-01-23 22:00:00,89349.99,89752.45,89335.35,89624.61,406.19522
2026-01-23 23:00:00,89624.6,89631.0,89472.13,89600.26,151.87407
2026-01-24 00:00:00,89600.26,89625.41,89424.39,89452.83,130.78736
2026-01-24 01:00:00,89452.83,89588.72,89450.58,89550.24,118.84415
2026-01-24 02:00:00,89550.24,89722.57,89550.24,89702.85,142.98732
2026-01-24 03:00:00,89702.85,89957.39,89670.88,89770.02,368.35777
2026-01-24 04:00:00,89770.03,89853.38,89709.08,89829.35,167.98668
2026-01-24 05:00:00,89829.36,89849.78,89751.21,89775.2,112.02746
2026-01-24 06:00:00,89775.2,89784.88,89602.22,89649.32,420.23986
2026-01-24 07:00:00,89649.33,89692.31,89572.81,89620.1,254.69309
2026-01-24 08:00:00,89620.11,89686.43,89583.02,89660.88,190.29089
2026-01-24 09:00:00,89660.88,89660.88,89600.0,89600.0,126.61337
2026-01-24 10:00:00,89600.01,89654.79,89577.97,89626.8,82.58886
2026-01-24 11:00:00,89626.79,89676.26,89595.4,89595.4,114.10267
2026-01-24 12:00:00,89595.41,89595.41,89486.87,89537.82,179.07545
2026-01-24 13:00:00,89537.82,89540.44,89368.21,89368.22,156.7089
2026-01-24 14:00:00,89368.22,89512.05,89171.75,89450.03,346.65964
2026-01-24 15:00:00,89450.03,89492.14,89263.64,89275.77,334.47117
2026-01-24 16:00:00,89275.77,89369.79,89162.08,89290.01,235.06029
2026-01-24 17:00:00,89290.01,89414.38,89252.93,89406.5,135.14408
2026-01-24 18:00:00,89406.5,89461.4,89382.05,89395.23,84.40453
2026-01-24 19:00:00,89395.22,89395.23,89276.58,89331.36,105.47816
2026-01-24 20:00:00,89331.36,89399.99,89331.35,89380.01,46.43346
2026-01-24 21:00:00,89380.0,89386.61,89270.0,89386.61,99.49846
2026-01-24 22:00:00,89386.61,89489.84,89304.85,89430.0,137.03504
2026-01-24 23:00:00,89429.99,89474.65,89215.59,89225.34,137.07871
2026-01-25 00:00:00,89225.34,89315.18,89183.49,89315.18,121.64277
2026-01-25 01:00:00,89315.18,89319.13,89102.58,89176.31,180.68432
2026-01-25 02:00:00,89176.31,89268.36,89129.62,89139.04,174.6544
2026-01-25 03:00:00,89139.04,89176.72,88838.72,88960.35,472.84604
2026-01-25 04:00:00,88960.36,89090.13,88941.03,89006.96,349.85772
2026-01-25 05:00:00,89006.97,89045.44,88870.45,88990.9,204.95163
2026-01-25 06:00:00,88990.89,88990.9,88649.98,88831.36,567.42395
2026-01-25 07:00:00,88831.36,88831.36,88635.84,88659.99,242.80483
2026-01-25 08:00:00,88659.99,88760.0,88136.0,88300.01,461.92857
2026-01-25 09:00:00,88300.0,88488.0,88238.5,88398.38,288.59867
2026-01-25 10:00:00,88398.38,88671.27,88398.37,88659.51,354.58647
2026-01-25 11:00:00,88659.52,88710.0,88536.11,88570.17,171.64836
2026-01-25 12:00:00,88570.17,88800.0,88450.0,88791.99,329.09813
2026-01-25 13:00:00,88791.98,88971.89,88650.98,88921.0,278.06
2026-01-25 14:00:00,88920.99,88938.94,88624.55,88710.1,293.57615
2026-01-25 15:00:00,88710.1,88760.35,88340.75,88446.5,370.5229
2026-01-25 16:00:00,88446.51,88448.85,87560.0,88077.26,1878.84709
2026-01-25 17:00:00,88077.25,88108.24,87767.18,87892.17,467.38462
2026-01-25 18:00:00,87892.16,87983.29,86827.1,87420.01,1893.52035
2026-01-25 19:00:00,87420.01,87508.15,86194.85,86495.16,1925.07483
2026-01-25 20:00:00,86495.17,86718.75,86222.02,86654.61,753.5591
2026-01-25 21:00:00,86654.6,87013.79,86400.0,86568.5,666.32154
2026-01-25 22:00:00,86568.51,86694.78,86217.32,86521.39,849.36578
2026-01-25 23:00:00,86521.39,86791.91,86074.72,86670.36,1129.26197
2026-01-26 00:00:00,86670.36,87167.84,86509.63,86854.86,788.16762
2026-01-26 01:00:00,86854.86,87809.99,86815.37,87698.73,1118.1087
2026-01-26 02:00:00,87698.74,87973.11,87435.18,87563.38,1015.63506
2026-01-26 03:00:00,87563.39,87691.41,87062.76,87282.05,1083.65608
2026-01-26 04:00:00,87282.04,87953.0,87244.27,87737.06,1109.49828
2026-01-26 05:00:00,87737.06,87956.27,87673.12,87826.01,765.12364
2026-01-26 06:00:00,87826.01,88031.73,87764.0,87937.44,915.62979
2026-01-26 07:00:00,87937.45,88074.48,87701.72,88000.64,768.40988
2026-01-26 08:00:00,88000.64,88424.45,87846.89,87975.39,790.54723
2026-01-26 09:00:00,87975.39,88000.0,87600.69,87663.12,543.28474
2026-01-26 10:00:00,87663.12,87950.0,87660.0,87897.55,242.4813
2026-01-26 11:00:00,87897.55,87980.0,87765.99,87855.0,244.05793
2026-01-26 12:00:00,87855.01,87971.99,87735.38,87799.45,288.85651
2026-01-26 13:00:00,87799.44,88048.0,87681.4,87960.01,556.52991
2026-01-26 14:00:00,87960.01,88508.41,87450.08,88178.1,1822.59356
2026-01-26 15:00:00,88178.09,88860.0,87325.03,87641.41,1769.32177
2026-01-26 16:00:00,87641.41,87964.6,87206.0,87606.99,686.77865
2026-01-26 17:00:00,87607.0,87789.47,87035.51,87700.62,580.63374
2026-01-26 18:00:00,87700.61,88403.73,87639.26,88403.72,550.84106
2026-01-26 19:00:00,88403.73,88537.95,87950.0,88013.19,515.97407
2026-01-26 20:00:00,88013.19,88118.0,87542.05,87629.22,428.9526
2026-01-26 21:00:00,87629.23,88238.29,87573.35,88064.69,392.85938
2026-01-26 22:00:00,88064.69,88270.29,88001.75,88140.01,324.81747
2026-01-26 23:00:00,88140.01,88659.09,88021.86,88347.08,463.75556
2026-01-27 00:00:00,88347.08,88457.3,88200.0,88353.97,302.20293
2026-01-27 01:00:00,88353.97,88700.0,88194.82,88550.61,340.87375
2026-01-27 02:00:00,88550.61,88858.96,88550.61,88831.6,479.8981
2026-01-27 03:00:00,88831.59,88898.0,88582.57,88788.0,526.26275
2026-01-27 04:00:00,88787.99,89010.0,88511.88,88579.58,508.81601
2026-01-27 05:00:00,88579.58,88586.26,88399.99,88456.3,306.33125
2026-01-27 06:00:00,88456.31,88522.86,88278.03,88332.67,277.06987
2026-01-27 07:00:00,88332.68,88555.14,88312.6,88320.41,356.10224
2026-01-27 08:00:00,88320.41,88397.85,88120.04,88170.82,305.95946
2026-01-27 09:00:00,88170.83,88170.83,87868.0,87886.82,501.6008
2026-01-27 10:00:00,87886.82,88055.75,87743.84,87786.53,315.39119
2026-01-27 11:00:00,87786.53,88093.19,87743.52,87992.74,339.68763
2026-01-27 12:00:00,87992.74,88165.24,87955.98,87986.96,497.99816
2026-01-27 13:00:00,87986.96,88076.82,87799.2,87982.15,400.06912
2026-01-27 14:00:00,87982.15,88474.23,87659.23,87745.02,762.91064
2026-01-27 15:00:00,87745.02,88189.44,87578.67,88047.46,838.96558
2026-01-27 16:00:00,88047.46,88819.89,88002.57,88641.44,1128.77578
2026-01-27 17:00:00,88641.43,88699.45,87304.33,87546.58,1183.80567
2026-01-27 18:00:00,87546.58,88510.15,87450.0,88285.05,865.62099
2026-01-27 19:00:00,88285.05,88549.32,88049.89,88408.77,469.70931
2026-01-27 20:00:00,88408.78,89497.19,88373.49,89396.16,1024.56489
2026-01-27 21:00:00,89396.03,89523.16,89008.75,89081.46,689.88066
2026-01-27 22:00:00,89081.47,89421.91,89021.61,89243.63,281.54432
2026-01-27 23:00:00,89243.63,89515.78,89143.92,89250.0,421.36315
2026-01-28 00:00:00,89249.99,89468.01,89154.8,89467.72,258.84583
2026-01-28 01:00:00,89467.73,89497.96,89196.87,89404.57,267.52883
2026-01-28 02:00:00,89404.57,89453.89,89100.01,89285.77,214.15071
2026-01-28 03:00:00,89285.78,89311.87,88985.0,89126.67,353.861
2026-01-28 04:00:00,89126.68,89160.0,88840.0,88975.04,312.10964
2026-01-28 05:00:00,88975.03,89105.56,88849.0,89084.1,326.80822
2026-01-28 06:00:00,89084.1,89400.0,89084.1,89317.47,340.81001
2026-01-28 07:00:00,89317.47,89358.51,89099.81,89134.35,370.1952
2026-01-28 08:00:00,89134.35,89258.02,88833.65,88925.47,515.45435
2026-01-28 09:00:00,88925.47,89567.26,88849.99,89567.25,490.95043
2026-01-28 10:00:00,89567.25,89703.87,89330.22,89403.77,688.45427
2026-01-28 11:00:00,89403.76,90156.72,89313.13,90080.0,1092.21486
2026-01-28 12:00:00,90079.99,90176.88,89790.0,89998.69,946.78783
2026-01-28 13:00:00,89998.69,90488.0,89969.42,90257.91,1485.47795
2026-01-28 14:00:00,90257.91,90276.78,89460.01,89617.27,997.73721
2026-01-28 15:00:00,89617.27,89849.75,88904.61,89479.66,998.88376
2026-01-28 16:00:00,89479.66,89830.0,89248.61,89629.66,744.86311
2026-01-28 17:00:00,89629.66,90600.0,89277.21,90169.88,923.32635
2026-01-28 18:00:00,90169.89,90178.91,89312.88,89546.24,748.51147
2026-01-28 19:00:00,89544.0,89719.58,89006.36,89402.58,893.3832
2026-01-28 20:00:00,89402.57,89896.0,89010.0,89130.63,590.94624
2026-01-28 21:00:00,89130.63,89490.24,88878.01,89412.17,381.49994
2026-01-28 22:00:00,89412.18,89479.04,89138.0,89396.15,156.23518
2026-01-28 23:00:00,89396.15,89471.41,89209.48,89299.99,233.14943
2026-01-29 00:00:00,89300.0,89348.0,88900.0,89143.91,431.21285
2026-01-29 01:00:00,89143.92,89159.99,88548.87,88603.56,624.81108
2026-01-29 02:00:00,88603.56,88754.64,87704.0,87907.06,1097.35161
2026-01-29 03:00:00,87907.05,88265.39,87771.3,88053.71,769.73434
2026-01-29 04:00:00,88053.71,88345.66,87901.23,88315.2,311.3438
2026-01-29 05:00:00,88315.2,88408.08,88142.66,88186.54,354.31355
2026-01-29 06:00:00,88186.53,88338.67,88168.9,88319.35,284.51762
2026-01-29 07:00:00,88319.35,88430.05,88250.0,88352.97,526.73614
2026-01-29 08:00:00,88352.96,88500.0,87907.8,88064.16,823.67262
2026-01-29 09:00:00,88064.16,88160.0,87892.0,87892.01,372.84765
2026-01-29 10:00:00,87892.0,88046.59,87832.18,87946.46,575.41561
2026-01-29 11:00:00,87946.47,88066.94,87750.01,87846.5,527.10516
2026-01-29 12:00:00,87846.5,88121.29,87817.97,88121.21,516.69113
2026-01-29 13:00:00,88121.21,88182.29,87951.67,88052.88,283.13252
2026-01-29 14:00:00,88052.87,88075.23,87008.0,87014.4,1065.77381
2026-01-29 15:00:00,87014.4,87039.51,84366.56,84934.02,8241.9564
2026-01-29 16:00:00,84934.02,85392.2,84268.17,85270.0,4076.75879
2026-01-29 17:00:00,85270.01,85638.3,84012.78,84261.66,2652.67947
2026-01-29 18:00:00,84261.66,84630.55,83415.0,83477.02,2305.76692
2026-01-29 19:00:00,83477.02,84334.97,83383.33,84012.11,1752.68525
2026-01-29 20:00:00,84012.11,84398.36,83824.9,84216.91,1089.07114
2026-01-29 21:00:00,84216.91,84706.32,84200.0,84526.57,780.67473
2026-01-29 22:00:00,84526.57,84615.74,84306.24,84570.05,335.13893
2026-01-29 23:00:00,84570.04,84737.69,84445.7,84650.16,631.99089
2026-01-30 00:00:00,84650.16,84735.75,84100.0,84192.0,730.18491
2026-01-30 01:00:00,84192.0,84192.01,81118.0,82468.02,6080.28823
2026-01-30 02:00:00,82468.01,82535.89,81154.0,82164.88,3963.98084
2026-01-30 03:00:00,82164.88,82738.89,82036.35,82676.43,1470.66915
2026-01-30 04:00:00,82676.42,83332.2,82676.42,82938.92,1147.37787
2026-01-30 05:00:00,82938.92,83329.36,82903.23,82914.19,818.20759
2026-01-30 06:00:00,82914.2,82919.21,82056.08,82602.81,1199.37024
2026-01-30 07:00:00,82602.81,83100.0,82483.27,82816.98,1624.46252
2026-01-30 08:00:00,82816.98,82995.41,82438.8,82671.7,959.74241
2026-01-30 09:00:00,82671.7,82834.19,82160.0,82363.72,1026.26025
2026-01-30 10:00:00,82363.71,82897.41,82172.02,82833.92,661.3904
2026-01-30 11:00:00,82833.92,83314.85,82682.15,83151.36,607.68303
2026-01-30 12:00:00,83151.36,83329.35,82650.0,82800.5,693.0162
2026-01-30 13:00:00,82800.49,83087.34,82421.64,82740.92,760.57185
2026-01-30 14:00:00,82740.93,83797.99,82738.68,83098.0,1785.40114
2026-01-30 15:00:00,83098.0,83616.46,82382.01,82883.94,1512.89136
2026-01-30 16:00:00,82882.84,83493.6,82549.35,83149.0,956.54558
2026-01-30 17:00:00,83149.0,83475.8,82641.6,82943.23,1094.09504
2026-01-30 18:00:00,82943.23,84160.0,81871.37,83931.13,2213.77003
2026-01-30 19:00:00,83931.13,84621.16,83917.36,84242.99,1851.84536
2026-01-30 20:00:00,84243.0,84299.99,83539.2,83906.34,2390.62988
2026-01-30 21:00:00,83906.34,84523.11,83790.44,84273.7,835.94444
2026-01-30 22:00:00,84273.71,84327.06,83918.42,84219.99,454.50219
2026-01-30 23:00:00,84220.0,84298.96,83933.82,84260.49,357.01742
2026-01-31 00:00:00,84260.5,84270.02,84014.01,84067.83,380.99765
2026-01-31 01:00:00,84067.83,84266.22,83908.0,83999.99,474.79523
2026-01-31 02:00:00,84000.0,84183.42,83815.02,84130.01,514.80351
2026-01-31 03:00:00,84130.01,84232.0,84022.69,84022.69,356.74317
2026-01-31 04:00:00,84022.7,84146.22,83941.43,83992.45,214.26773
2026-01-31 05:00:00,83992.44,84097.37,83903.7,84000.01,249.62585
2026-01-31 06:00:00,84000.01,84050.51,83638.4,83786.09,407.33324
2026-01-31 07:00:00,83786.09,83805.02,83404.67,83546.81,478.7189
2026-01-31 08:00:00,83546.82,83629.08,82560.75,83074.07,1142.87539
2026-01-31 09:00:00,83074.08,83300.0,82894.0,83109.1,471.08907
2026-01-31 10:00:00,83109.1,83203.26,82917.32,83160.0,515.13254
2026-01-31 11:00:00,83160.0,83160.0,82851.97,83020.0,279.69189
2026-01-31 12:00:00,83020.0,83140.0,82720.0,82762.0,537.57574
2026-01-31 13:00:00,82761.99,82919.29,82478.59,82767.99,539.85854
2026-01-31 14:00:00,82768.0,82928.2,80825.76,81479.99,4166.24097
2026-01-31 15:00:00,81480.0,81789.68,81088.0,81302.15,1568.15407
2026-01-31 16:00:00,81302.16,82200.0,80098.01,80365.04,5113.56418
2026-01-31 17:00:00,80365.05,80550.74,78159.9,78893.92,6669.26832
2026-01-31 18:00:00,78893.92,79143.64,75719.9,78038.38,7783.32311
2026-01-31 19:00:00,78038.39,78576.3,77194.0,77750.01,2463.45994
2026-01-31 20:00:00,77750.01,78141.95,77092.34,77999.03,1378.50317
2026-01-31 21:00:00,77999.02,78365.02,77372.69,78292.0,1330.5666
2026-01-31 22:00:00,78292.0,78499.94,78000.0,78155.17,902.43744
2026-01-31 23:00:00,78155.16,79240.0,78078.67,78741.09,1552.86508
2026-02-01 00:00:00,78741.1,79424.0,78644.09,78902.31,1738.02598
2026-02-01 01:00:00,78902.31,78943.62,78284.0,78532.17,1163.10084
2026-02-01 02:00:00,78532.32,79060.44,78378.0,78900.01,762.94469
2026-02-01 03:00:00,78900.01,79008.36,78666.73,78868.28,594.31033
2026-02-01 04:00:00,78868.29,79119.3,78720.97,78971.75,441.04188
2026-02-01 05:00:00,78973.22,79006.0,78527.13,78620.91,744.7428
2026-02-01 06:00:00,78620.9,78824.1,78266.63,78300.0,568.62406
2026-02-01 07:00:00,78300.01,78724.01,77967.69,78343.0,808.74546
2026-02-01 08:00:00,78343.0,78863.0,78252.64,78604.02,567.72389
2026-02-01 09:00:00,78604.02,79136.1,78551.15,79034.45,479.76229
2026-02-01 10:00:00,79034.45,79220.72,78148.1,78279.73,863.43565
2026-02-01 11:00:00,78279.73,78877.89,78279.72,78743.56,539.38656
2026-02-01 12:00:00,78743.57,78760.0,78244.0,78459.67,620.90729
2026-02-01 13:00:00,78459.68,78768.68,78203.21,78317.51,482.47432
2026-02-01 14:00:00,78317.51,78520.0,77236.68,78211.12,1658.37078
2026-02-01 15:00:00,78211.12,78254.2,76761.98,77593.4,2045.87767
2026-02-01 16:00:00,77593.4,77838.48,77087.76,77494.77,1084.57336
2026-02-01 17:00:00,77494.77,77748.0,77300.0,77745.32,549.82327
2026-02-01 18:00:00,77745.33,78443.1,77727.27,78029.28,791.63632
2026-02-01 19:00:00,78029.29,78106.1,77000.01,77174.78,457.49789
2026-02-01 20:00:00,77174.77,77740.91,76606.0,77103.04,1125.71882
2026-02-01 21:00:00,77103.04,77161.26,76359.87,76526.03,1221.6059
2026-02-01 22:00:00,76526.03,77779.63,76456.78,77249.31,1235.13318
2026-02-01 23:00:00,77249.31,77610.72,75700.0,76968.21,4850.01845
2026-02-02 00:00:00,76968.22,78231.26,76606.39,77672.61,1960.16053
2026-02-02 01:00:00,77672.61,77942.28,76619.69,77518.87,1238.02224
2026-02-02 02:00:00,77518.87,77555.62,76449.84,76491.17,1406.18164
2026-02-02 03:00:00,76491.18,76575.93,74604.0,76292.98,6845.40126
2026-02-02 04:00:00,76292.98,76621.28,75335.9,75894.15,2387.03559
2026-02-02 05:00:00,75894.15,75999.99,74911.14,75502.1,2327.56014
2026-02-02 06:00:00,75502.1,76834.71,74957.51,76549.32,3207.27225
2026-02-02 07:00:00,76549.32,76958.0,76327.9,76660.79,1646.53051
2026-02-02 08:00:00,76660.78,77191.15,76628.28,76881.28,1422.14452
2026-02-02 09:00:00,76881.28,77815.0,76652.0,77725.33,2196.40917
2026-02-02 10:00:00,77725.33,77876.69,77474.85,77504.54,1049.86427
2026-02-02 11:00:00,77504.54,77970.62,77451.11,77759.99,983.08962
2026-02-02 12:00:00,77760.0,78434.0,77706.0,77988.51,1103.97039
2026-02-02 13:00:00,77988.5,78458.0,77800.0,78224.79,960.76337
2026-02-02 14:00:00,78224.8,78885.0,77626.44,77844.79,2220.07608
2026-02-02 15:00:00,77844.78,79360.0,77564.62,78850.06,3238.00821
2026-02-02 16:00:00,78850.06,79288.28,78584.0,78634.76,1987.74899
2026-02-02 17:00:00,78634.75,79213.99,78603.93,78988.64,1407.01094
2026-02-02 18:00:00,78988.65,78988.65,78369.13,78569.84,992.65857
2026-02-02 19:00:00,78569.83,78697.99,78283.27,78341.5,1074.65868
2026-02-02 20:00:00,78341.5,78667.38,77888.0,78008.59,902.54602
2026-02-02 21:00:00,78008.59,78552.76,77922.0,78532.06,507.24426
2026-02-02 22:00:00,78532.07,78853.35,78528.21,78795.2,488.24484
2026-02-02 23:00:00,78795.2,78962.78,78560.0,78738.61,720.98807
2026-02-03 00:00:00,78738.6,79099.99,78408.05,79065.24,994.28607
2026-02-03 01:00:00,79065.24,79186.81,78716.79,79017.63,990.1874
2026-02-03 02:00:00,79017.64,79017.64,77800.0,77808.01,959.76758
2026-02-03 03:00:00,77808.02,78907.18,77644.09,78753.32,1068.28743
2026-02-03 04:00:00,78753.32,78999.99,78488.0,78798.39,719.00577
2026-02-03 05:00:00,78798.38,78809.78,78218.98,78240.45,581.74505
2026-02-03 06:00:00,78240.45,78665.91,77950.0,78594.17,881.03721
2026-02-03 07:00:00,78594.01,78923.93,78488.01,78794.67,705.05984
2026-02-03 08:00:00,78794.67,79084.29,78464.6,78747.96,840.3253
2026-02-03 09:00:00,78747.96,78841.35,77950.0,78400.01,972.9435
2026-02-03 10:00:00,78400.01,78560.0,78070.0,78120.36,505.87116
2026-02-03 11:00:00,78120.36,78349.24,78004.08,78079.5,475.83471
2026-02-03 12:00:00,78079.5,78416.9,78000.0,78330.26,933.6271
2026-02-03 13:00:00,78330.26,78458.89,78187.91,78307.65,529.49211
2026-02-03 14:00:00,78307.65,78434.61,77156.24,77201.22,2011.4149
2026-02-03 15:00:00,77201.21,78196.83,77055.54,78132.33,2069.08407
2026-02-03 16:00:00,78132.34,78134.53,76400.0,76488.08,3199.23624
2026-02-03 17:00:00,76488.08,76525.44,74882.28,74915.79,3210.53566
2026-02-03 18:00:00,74915.79,75302.76,73137.66,73139.13,8932.04301
2026-02-03 19:00:00,73139.12,75291.1,72945.5,74935.0,3497.82279
2026-02-03 20:00:00,74935.0,76721.25,74586.54,76475.52,2122.86901
2026-02-03 21:00:00,76475.53,76960.0,76124.05,76239.43,1110.97152
2026-02-03 22:00:00,76239.43,76299.19,75406.79,75708.83,1013.97922
2026-02-03 23:00:00,75708.82,76000.0,75428.16,75770.21,794.68224
2026-02-04 00:00:00,75770.21,76264.0,75467.22,75910.88,730.62893
2026-02-04 01:00:00,75910.88,76798.12,75910.88,76423.73,952.72942
2026-02-04 02:00:00,76423.73,76610.04,75707.41,75963.35,853.38888
2026-02-04 03:00:00,75963.35,76971.52,75906.05,76698.17,1036.93598
2026-02-04 04:00:00,76698.17,76830.69,76413.64,76479.75,577.39018
2026-02-04 05:00:00,76479.75,76526.8,76105.3,76279.99,1056.73491
2026-02-04 06:00:00,76280.0,76780.0,76259.9,76652.68,609.34015
2026-02-04 07:00:00,76652.68,76657.31,76335.46,76514.3,593.58526
2026-02-04 08:00:00,76514.3,76600.0,76068.69,76587.26,736.19473
2026-02-04 09:00:00,76587.26,76607.69,75967.1,76119.0,632.82215
2026-02-04 10:00:00,76119.0,76338.65,76069.0,76302.1,440.91077
2026-02-04 11:00:00,76302.1,76302.1,75666.0,76017.25,1102.73317
2026-02-04 12:00:00,76017.25,76260.85,76000.0,76180.85,942.91713
2026-02-04 13:00:00,76180.84,76186.98,74867.0,74867.0,1563.62436
2026-02-04 14:00:00,74867.0,75769.23,74256.0,74359.53,2801.90282
2026-02-04 15:00:00,74359.53,75328.28,73794.11,74136.36,3644.50098
2026-02-04 16:00:00,74136.48,74249.83,73076.92,73636.01,3089.62892
2026-02-04 17:00:00,73635.63,73863.92,72169.0,72576.08,5764.80542
2026-02-04 18:00:00,72576.08,74140.0,72273.68,73425.96,3480.01439
2026-02-04 19:00:00,73425.97,74007.28,73041.41,73923.29,1609.77508
2026-02-04 20:00:00,73923.3,74144.0,73425.56,73516.3,1052.61663
2026-02-04 21:00:00,73516.3,73654.0,72210.0,72799.99,1379.23839
2026-02-04 22:00:00,72800.0,73680.0,71888.0,72543.38,2426.62344
2026-02-04 23:00:00,72543.38,73520.59,72468.12,73165.83,1296.31791
2026-02-05 00:00:00,73165.84,73325.6,72754.21,72868.02,1031.56586
2026-02-05 01:00:00,72868.02,73341.18,71995.09,72421.26,1796.49365
2026-02-05 02:00:00,72421.26,72854.39,71305.55,71454.44,2979.51665
2026-02-05 03:00:00,71454.44,71884.47,71152.78,71223.25,2548.86017
2026-02-05 04:00:00,71223.25,71437.68,70701.0,70888.08,4293.99043
2026-02-05 05:00:00,70888.09,71150.16,70140.0,70732.72,4302.51294
2026-02-05 06:00:00,70732.73,70984.62,70434.05,70951.51,2020.09726
2026-02-05 07:00:00,70951.51,71622.82,70644.73,70756.85,2612.40429
2026-02-05 08:00:00,70756.86,71550.0,70683.58,71054.99,1815.06036
2026-02-05 09:00:00,71054.99,71978.58,71049.35,71550.0,1842.40706
2026-02-05 10:00:00,71549.99,71726.79,70656.59,70858.13,1618.18196
2026-02-05 11:00:00,70858.13,71063.94,69922.0,70318.35,4107.09256
2026-02-05 12:00:00,70318.35,70603.49,69163.0,69563.57,5331.37678
2026-02-05 13:00:00,69563.56,69831.85,69261.11,69688.94,2587.65964
2026-02-05 14:00:00,69688.94,70872.04,69285.71,69404.76,3459.24538
2026-02-05 15:00:00,69404.75,69616.29,66720.15,67489.07,13836.57347
2026-02-05 16:00:00,67489.08,68681.81,66955.34,68295.15,5860.78146
2026-02-05 17:00:00,68295.15,68374.79,66152.0,66181.69,6127.2285
2026-02-05 18:00:00,66181.68,66542.87,65385.0,66347.0,5703.68497
2026-02-05 19:00:00,66347.01,66637.46,65200.0,65265.65,3605.53717
2026-02-05 20:00:00,65265.66,65700.0,62345.0,63775.67,13269.97533
2026-02-05 21:00:00,63775.66,64775.0,62888.34,63213.34,6727.66673
2026-02-05 22:00:00,63213.34,64615.88,62690.9,63907.86,4776.16051
2026-02-05 23:00:00,63907.86,64908.0,62717.48,62909.86,4044.75586
2026-02-06 00:00:00,62909.87,63861.87,60000.0,63509.39,15965.67588
2026-02-06 01:00:00,63509.4,65760.0,63509.39,65714.96,6085.05108
2026-02-06 02:00:00,65714.96,66010.0,64201.28,64990.1,4172.0595
2026-02-06 03:00:00,64990.11,65172.13,63770.17,64168.33,2757.61679
2026-02-06 04:00:00,64168.33,65000.0,63914.62,64905.84,2678.77331
2026-02-06 05:00:00,64905.54,66826.5,64800.01,66408.11,3077.34633
2026-02-06 06:00:00,66408.11,66800.0,64856.88,64988.26,3562.00258
2026-02-06 07:00:00,64988.26,65543.79,64654.11,64856.0,3886.24107
2026-02-06 08:00:00,64856.0,65206.11,64500.0,64895.05,2403.94942
2026-02-06 09:00:00,64895.04,66163.0,64764.7,65799.55,2736.04998
2026-02-06 10:00:00,65799.55,66220.0,65550.0,65967.51,2067.37547
2026-02-06 11:00:00,65967.51,66755.13,65772.17,66631.32,2445.47098
2026-02-06 12:00:00,66631.32,66631.32,66114.49,66557.93,1895.66919
2026-02-06 13:00:00,66557.93,67690.7,66480.82,67316.82,4063.76595
2026-02-06 14:00:00,67316.82,68647.45,66629.36,68194.89,5594.57909
2026-02-06 15:00:00,68194.9,69192.0,67772.0,68626.0,6052.81042
2026-02-06 16:00:00,68625.99,70224.62,68428.19,69954.01,6892.60997
2026-02-06 17:00:00,69954.01,71500.0,69593.43,70753.53,5224.54006
2026-02-06 18:00:00,70753.53,70816.0,69340.91,69776.68,3217.47319
2026-02-06 19:00:00,69776.68,70952.0,69662.22,70731.46,1949.07605
2026-02-06 20:00:00,70731.45,70996.77,70000.12,70000.13,1842.94729
2026-02-06 21:00:00,70000.14,70508.75,69837.35,70358.43,1079.99332
2026-02-06 22:00:00,70358.44,71577.09,70279.09,71354.46,1439.41821
2026-02-06 23:00:00,71354.46,71751.33,70505.0,70580.26,1448.72018
2026-02-07 00:00:00,70580.26,70600.0,69718.0,69958.0,1684.48527
2026-02-07 01:00:00,69958.0,70680.54,69741.87,70471.49,1257.48702
2026-02-07 02:00:00,70471.48,70624.49,70151.51,70361.37,828.17189
2026-02-07 03:00:00,70361.36,70928.75,70270.0,70918.99,917.62946
2026-02-07 04:00:00,70918.99,71690.07,70604.55,70768.13,1760.77139
2026-02-07 05:00:00,70768.0,71191.88,69800.0,70161.5,1954.17044
2026-02-07 06:00:00,70161.51,70310.0,68757.68,68769.65,3067.81307
2026-02-07 07:00:00,68769.66,69084.55,67300.0,68087.14,6488.56676
2026-02-07 08:00:00,68087.13,68790.0,67747.65,68495.01,2785.44241
2026-02-07 09:00:00,68495.01,68763.28,67885.86,68138.2,2704.83478
2026-02-07 10:00:00,68138.19,68299.3,67582.48,67987.0,2026.15669
2026-02-07 11:00:00,67986.99,68157.21,67700.0,67972.65,1172.5817
2026-02-07 12:00:00,67972.65,69999.99,67901.89,69024.98,3372.78032
2026-02-07 13:00:00,69024.98,69364.5,68821.64,69093.98,1462.50623
2026-02-07 14:00:00,69093.98,69187.27,68358.75,68645.99,1780.47515
2026-02-07 15:00:00,68646.0,69762.46,68556.0,69151.5,2675.07885
2026-02-07 16:00:00,69151.5,69898.0,68822.51,68957.16,3767.46183
2026-02-07 17:00:00,68957.16,69408.0,68531.5,69188.81,1260.95907
2026-02-07 18:00:00,69188.81,69690.89,69009.09,69514.11,815.22684
2026-02-07 19:00:00,69514.11,69577.43,69266.66,69373.61,549.67003
2026-02-07 20:00:00,69373.61,69728.83,69252.72,69631.18,431.2072
2026-02-07 21:00:00,69631.18,69699.16,69356.16,69497.99,322.93251
2026-02-07 22:00:00,69497.99,69727.86,69325.67,69399.34,469.65551
2026-02-07 23:00:00,69399.34,69462.42,68787.34,69289.38,699.41594
2026-02-08 00:00:00,69289.37,69432.0,68888.0,69133.79,682.62238
2026-02-08 01:00:00,69133.8,69500.0,69095.17,69379.57,433.38727
2026-02-08 02:00:00,69379.57,69696.57,69167.42,69370.7,452.71707
2026-02-08 03:00:00,69370.69,69443.9,69069.65,69099.99,457.68257
2026-02-08 04:00:00,69100.0,69372.06,68952.01,69340.16,390.41434
2026-02-08 05:00:00,69340.15,69422.43,69146.47,69220.52,386.01063
2026-02-08 06:00:00,69220.53,69518.56,69090.0,69361.18,1121.01748
2026-02-08 07:00:00,69361.18,69719.07,69215.69,69710.69,980.72904
2026-02-08 08:00:00,69710.69,70796.99,69514.15,70665.59,1875.5789
2026-02-08 09:00:00,70665.59,70712.71,70094.71,70107.19,1028.89501
2026-02-08 10:00:00,70107.2,70449.99,69890.52,70266.41,1062.517
2026-02-08 11:00:00,70266.41,71220.0,70210.26,70999.98,1342.32428
2026-02-08 12:00:00,70999.99,71281.74,70707.39,71249.95,791.13826
2026-02-08 13:00:00,71249.65,71517.27,70956.0,71514.77,1080.90623
2026-02-08 14:00:00,71514.77,71554.95,71161.74,71267.62,662.45005
